block,field,persisted,validated,renderer_read,shader_uniform,normal_ui,advanced_ui,dependency,test
layer,type,yes,heuristic,yes,n/a,yes,yes,-,
layer,name,yes,heuristic,no,n/a,yes,yes,-,
layer,layer_id,yes,yes,yes,n/a,yes,yes,-,
layer,enabled,yes,yes,yes,n/a,yes,yes,-,
layer,locked,yes,heuristic,no,n/a,yes,yes,-,
layer,opacity,yes,yes,yes,n/a,yes,yes,-,
layer,blend_mode,yes,yes,yes,yes,no,yes,-,
layer,plane,yes,heuristic,yes,n/a,yes,yes,-,
layer,input,yes,heuristic,yes,n/a,no,yes,-,
transform,position_px,yes,yes,yes,yes,no,yes,-,
transform,scale,yes,yes,yes,n/a,no,yes,-,
transform,rotation_deg,yes,yes,yes,yes,no,yes,-,
transform,pivot,yes,yes,yes,yes,no,yes,-,
transform,flip_x,yes,heuristic,yes,yes,no,yes,-,
transform,flip_y,yes,heuristic,yes,yes,no,yes,-,
displacement,enabled,yes,yes,yes,n/a,yes,yes,-,
displacement,driver,yes,yes,yes,n/a,no,yes,-,
displacement,amount_px,yes,yes,yes,n/a,no,yes,-,
displacement,scale,yes,yes,yes,n/a,no,yes,-,
displacement,speed,yes,yes,yes,n/a,no,yes,-,
displacement,phase,yes,yes,yes,n/a,no,no,-,
displacement,seed,yes,heuristic,yes,n/a,no,yes,-,
displacement,time_source,yes,yes,yes,n/a,no,no,-,
displacement,angle_deg,yes,yes,yes,n/a,no,yes,-,
displacement,edge_mode,yes,yes,yes,n/a,no,yes,-,
displacement,custom_texture,yes,yes,yes,n/a,no,no,asset/incomplete-state,
displacement,influence_mask,yes,yes,yes,n/a,no,no,asset/incomplete-state,
mask,enabled,yes,yes,yes,n/a,yes,yes,-,
mask,source,yes,yes,yes,n/a,no,yes,-,
mask,region,yes,yes,yes,n/a,no,yes,-,
mask,space,yes,yes,yes,n/a,no,yes,-,
mask,expand_contract_px,yes,yes,yes,n/a,no,yes,-,
mask,width_px,yes,yes,yes,n/a,no,yes,-,
mask,feather_px,yes,yes,yes,n/a,no,yes,-,
mask,invert,yes,heuristic,yes,n/a,no,yes,-,
mask,custom_mask,yes,yes,yes,n/a,no,no,asset/incomplete-state,
fx,pure_continuous,yes,heuristic,yes,yes,no,no,-,
fx,size,yes,yes,yes,n/a,no,yes,-,
fx,intensity,yes,yes,yes,n/a,no,yes,-,
fx,pattern_scale,yes,yes,yes,yes,no,no,-,
fx,fringe,yes,yes,yes,n/a,no,yes,-,
fx,rgb,yes,yes,yes,n/a,no,yes,-,
fx,flow,yes,yes,yes,n/a,no,no,-,
fx,dither,yes,yes,yes,n/a,no,yes,-,
fx,base_mode,yes,yes,yes,yes,no,no,-,
fx,base_opacity,yes,yes,yes,yes,no,no,-,
fx,base_grade_amount,yes,yes,yes,yes,no,no,-,
fx,grade_black_point,yes,yes,yes,yes,no,no,-,
fx,grade_white_point,yes,yes,yes,yes,no,no,-,
fx,grade_gamma,yes,yes,yes,yes,no,no,-,
fx,grade_contrast,yes,yes,yes,yes,no,no,-,
fx,grade_brightness,yes,yes,yes,yes,no,no,-,
fx,grade_saturation,yes,yes,yes,yes,no,no,-,
fx,source_pixel_size,yes,yes,yes,yes,no,no,-,
fx,source_pixel_units,yes,yes,yes,yes,no,no,-,
fx,mono_threshold,yes,yes,yes,yes,no,no,-,
fx,mono_mode,yes,yes,yes,yes,no,no,-,
fx,mono_bayer_level,yes,yes,yes,yes,no,no,-,
fx,mono_pixel,yes,yes,yes,yes,no,no,-,
fx,mono_space,yes,yes,yes,yes,no,no,-,
fx,dither_threshold,yes,yes,yes,yes,no,no,-,
fx,dither_black_point,yes,yes,yes,yes,no,no,-,
fx,dither_white_point,yes,yes,yes,yes,no,no,-,
fx,dither_gamma,yes,yes,yes,yes,no,no,-,
fx,dither_contrast,yes,yes,yes,yes,no,no,-,
fx,dither_brightness,yes,yes,yes,yes,no,no,-,
fx,dither_mode,yes,yes,yes,yes,no,no,-,
fx,dither_bayer_level,yes,yes,yes,yes,no,no,-,
fx,dither_pixel,yes,yes,yes,yes,no,no,-,
fx,dither_levels,yes,yes,yes,yes,no,no,-,
fx,dither_space,yes,yes,yes,yes,no,no,-,
fx,edge_source_mode,yes,yes,yes,yes,no,no,-,
fx,edge_alpha_weight,yes,yes,yes,yes,no,no,-,
fx,edge_luma_weight,yes,yes,yes,yes,no,no,-,
fx,edge_threshold,yes,yes,yes,yes,no,no,-,
fx,edge_width,yes,yes,yes,yes,no,no,-,
fx,wind_reach,yes,yes,yes,yes,no,no,-,
fx,wind_trail,yes,yes,yes,yes,no,no,-,
fx,wind_cutoff,yes,yes,yes,yes,no,no,-,
fx,split_separation,yes,yes,yes,yes,no,no,-,
fx,wind_displace,yes,yes,yes,yes,no,no,-,
fx,signal_gain,yes,yes,yes,yes,no,no,-,
fx,color_blur,yes,yes,yes,yes,no,no,-,
fx,signal_softness,yes,yes,yes,yes,no,no,-,
fx,signal_posterize,yes,yes,yes,yes,no,no,-,
fx,fringe_coverage_mode,yes,yes,yes,yes,no,no,-,
fx,fringe_coverage_threshold,yes,yes,yes,yes,no,no,-,
fx,fringe_bayer_level,yes,yes,yes,yes,no,no,-,
fx,fringe_pixel,yes,yes,yes,yes,no,no,-,
fx,fringe_space,yes,yes,yes,yes,no,no,-,
fx,fringe_coverage_gain,yes,yes,yes,yes,no,no,-,
fx,rgb_gradient,yes,yes,yes,yes,no,no,-,
fx,rgb_gradient_balance,yes,yes,yes,yes,no,no,-,
fx,rgb_gradient_contrast,yes,yes,yes,yes,no,no,-,
fx,fringe_color_a,yes,yes,yes,yes,no,no,-,
fx,fringe_color_b,yes,yes,yes,yes,no,no,-,
fx,fringe_bleed,yes,yes,yes,yes,no,no,-,
fx,fringe_blend_mode,yes,yes,yes,yes,no,no,-,
fx,geometry_units,yes,yes,yes,yes,no,no,-,
fx,effect_mask_enabled,yes,yes,yes,yes,no,no,-,
fx,effect_mask_invert,yes,heuristic,yes,yes,no,no,-,
fx,effect_mask_threshold,yes,yes,yes,yes,no,no,-,
fx,effect_mask_softness,yes,yes,yes,yes,no,no,-,
fx,effect_mask_base,yes,heuristic,yes,yes,no,no,-,
fx,edge_mask_path,yes,yes,yes,n/a,no,no,asset/incomplete-state,
fx,treatment_mask_path,yes,yes,yes,n/a,no,no,asset/incomplete-state,
fx,driver_mode,yes,yes,yes,yes,no,no,-,
fx,driver_sampling_mode,yes,yes,yes,yes,no,no,-,
fx,driver_pixel_size,yes,yes,yes,yes,no,no,-,
fx,FIELD_STRENGTH,yes,yes,yes,yes,no,no,-,
fx,FIELD_SPEED,yes,yes,yes,yes,no,no,-,
fx,OUTWARDNESS,yes,yes,yes,yes,no,no,-,
fx,FIELD_BREAKUP,yes,yes,yes,yes,no,no,-,
fx,COORD_NUDGE,yes,yes,yes,yes,no,no,-,
fx,FIELD_SIZE,yes,yes,yes,yes,no,no,-,
fx,FIELD_CENTER_X,yes,yes,yes,n/a,no,no,-,
fx,FIELD_CENTER_Y,yes,yes,yes,n/a,no,no,-,
fx,LEGACY_SCALE,yes,yes,yes,yes,no,no,-,
fx,LEGACY_SPEED,yes,yes,yes,yes,no,no,-,
fx,LEGACY_RADIAL,yes,yes,yes,yes,no,no,-,
fx,DRIVER_CENTER_X,yes,yes,yes,n/a,no,no,-,
fx,DRIVER_CENTER_Y,yes,yes,yes,n/a,no,no,-,
fx,DRIVER_SCALE,yes,yes,yes,yes,no,no,-,
fx,DRIVER_STRETCH,yes,yes,yes,yes,no,no,-,
fx,DRIVER_ANGLE,yes,yes,yes,yes,no,no,-,
fx,DRIVER_SPEED,yes,yes,yes,yes,no,no,-,
fx,DRIVER_DETAIL,yes,yes,yes,yes,no,no,-,
fx,DRIVER_FLOW,yes,yes,yes,yes,no,no,-,
fx,flow_strength,yes,yes,yes,yes,no,no,-,
fx,flow_center_x,yes,yes,yes,yes,no,no,-,
fx,flow_center_y,yes,yes,yes,yes,no,no,-,
fx,rgb_shift_amount,yes,yes,yes,yes,no,no,-,
fx,rgb_shift_angle,yes,yes,yes,yes,no,no,-,
fx,rgb_shift_units,yes,yes,yes,yes,no,no,-,
fx,rgb_shift_alpha,yes,yes,yes,yes,no,no,-,
fx,temporal_hold,yes,yes,yes,yes,no,no,-,
fx,palette_strategy,yes,yes,yes,yes,no,no,-,
fx,palette_lock_a,yes,yes,yes,yes,no,no,-,
fx,palette_lock_b,yes,yes,yes,yes,no,no,-,
fx,palette_swap,yes,yes,yes,yes,no,no,-,
fx,palette_source_color,yes,yes,yes,yes,no,no,-,
fx,palette_hue_offset,yes,yes,yes,yes,no,no,-,
fx,palette_saturation,yes,yes,yes,yes,no,no,-,
fx,palette_value,yes,yes,yes,yes,no,no,-,
fx,time_source,yes,yes,yes,n/a,no,no,-,
motion,enabled,yes,yes,yes,n/a,yes,yes,-,
motion,tracks,yes,yes,yes,n/a,no,no,-,
motion.track,anchor,yes,yes,yes,n/a,no,no,-,
motion.track,anchor_time,yes,yes,yes,n/a,no,no,-,
motion.track,delay,yes,yes,yes,n/a,no,no,-,
motion.track,attack,yes,yes,yes,n/a,no,no,-,
motion.track,hold,yes,yes,yes,n/a,no,no,-,
motion.track,release,yes,yes,yes,n/a,no,no,-,
motion.track,sustain,yes,yes,yes,n/a,no,no,-,
motion.track,attack_curve,yes,heuristic,yes,n/a,no,no,-,
motion.track,release_curve,yes,heuristic,yes,n/a,no,no,-,
